"ab.laborum@example.org","143","password"
"amolestiae@example.org","192","password"
"anulla@example.net","61","password"
"aoptio@example.org","186","password"
"aperiam.totam@example.net","53","password"
"aspernatur_distinctio@example.net","133","password"
"at_odit@example.org","92","password"
"atque28@example.org","189","password"
"aut.eos@example.com","18","password"
"aut.voluptates@example.org","36","password"
"aut22@example.org","14","password"
"aut59@example.net","10","password"
"autem_minima@example.net","91","password"
"autem.odio@example.net","49","password"
"baut@example.com","127","password"
"bcum@example.net","160","password"
"caut@example.org","173","password"
"commodi.modi@example.com","136","password"
"cperferendis@example.com","146","password"
"cum_blanditiis@example.com","3","password"
"cumque73@example.net","81","password"
"delectus_incidunt@example.com","119","password"
"delectus_rerum@example.org","139","password"
"deserunt.enim@example.org","158","password"
"dfugiat@example.net","131","password"
"dmolestiae@example.com","74","password"
"dolor_est@example.com","8","password"
"dolorem.possimus@example.net","182","password"
"doloribus.numquam@example.net","166","password"
"doloribus10@example.org","57","password"
"ea@example.org","162","password"
"eaut@example.com","33","password"
"eligendi.sint@example.com","106","password"
"est.beatae@example.org","51","password"
"et_et@example.org","71","password"
"et_voluptatem@example.net","191","password"
"et.accusamus@example.net","80","password"
"et.esse@example.org","47","password"
"et.quia@example.com","99","password"
"et55@example.com","55","password"
"et90@example.net","168","password"
"excepturi19@example.org","149","password"
"exercitationem88@example.net","100","password"
"facilis_velit@example.com","5","password"
"facilis.quaerat@example.com","124","password"
"fuga25@example.com","26","password"
"gneque@example.com","176","password"
"gtenetur@example.com","89","password"
"hconsequatur@example.net","177","password"
"ipsa52@example.net","39","password"
"itaque.aut@example.org","183","password"
"jcorporis@example.net","95","password"
"karchitecto@example.org","29","password"
"laudantium_molestiae@example.org","78","password"
"magnam88@example.org","121","password"
"magni66@example.com","128","password"
"maiores.nihil@example.com","4","password"
"mamet@example.com","171","password"
"minus96@example.net","142","password"
"molestiae.maxime@example.com","45","password"
"nalias@example.org","170","password"
"nam91@example.net","16","password"
"nemo29@example.net","152","password"
"neque_debitis@example.net","11","password"
"nihil_ut@example.net","35","password"
"nihil54@example.com","179","password"
"nobis89@example.net","24","password"
"nostrum79@example.org","12","password"
"occaecati27@example.com","188","password"
"oqui@example.org","96","password"
"pariatur.quasi@example.net","50","password"
"perferendis.blanditiis@example.com","155","password"
"porro37@example.net","1","password"
"provident_ipsum@example.com","9","password"
"quasi85@example.net","190","password"
"qui38@example.net","77","password"
"quis.sit@example.net","117","password"
"quis97@example.net","165","password"
"quo_et@example.org","86","password"
"quod_quia@example.com","115","password"
"recusandae.qui@example.com","17","password"
"rem.omnis@example.com","64","password"
"repellat_corrupti@example.com","103","password"
"repellat.ipsa@example.net","123","password"
"rmollitia@example.com","107","password"
"sed_deserunt@example.net","31","password"
"sed.est@example.org","67","password"
"sed.nesciunt@example.org","109","password"
"sint.voluptas@example.net","112","password"
"somnis@example.net","83","password"
"suscipit22@example.com","120","password"
"unde_consequuntur@example.net","195","password"
"ut_voluptatem@example.org","140","password"
"ut17@example.net","58","password"
"vautem@example.net","144","password"
"velit_ut@example.com","178","password"
"velit.qui@example.net","37","password"
"voluptate93@example.org","68","password"
"yanimi@example.com","42","password"
"zerror@example.com","21","password"
